,Precision,Recall,F1,Accuracy
0,0.9667673716012085,0.8533333333333334,0.9065155807365439,0.912
