,Precision,Recall,F1,Accuracy
0,0.8992511912865895,0.9572463768115942,0.9273429273429273,0.925
