,Precision,Recall,F1,Accuracy
0,0.6850545221295702,0.712,0.6982674076495587,0.6923333333333334
