,Precision,Recall,F1,Accuracy
0,0.9919649379108838,0.9840579710144928,0.9879956347762823,0.9880434782608696
