,Precision,Recall,F1,Accuracy
0,1.0,0.9026666666666666,0.9488437281009109,0.9513333333333334
