,Precision,Recall,F1,Accuracy
0,0.677619893428064,0.5086666666666667,0.5811119573495812,0.6333333333333333
