,Precision,Recall,F1,Accuracy
0,0.7213765718067505,0.7266666666666667,0.7240119561607439,0.723
