,Precision,Recall,F1,Accuracy
0,1.0,0.9806666666666667,0.9902389767754965,0.9903333333333333
