,Precision,Recall,F1,Accuracy
0,0.9413012729844413,0.9644927536231884,0.9527559055118111,0.9521739130434783
