,min_cluster_size,min_samples,Precision,Recall,F1,Accuracy
30,10.0,2.0,0.6418656302054414,0.7706666666666667,0.700393820054529,0.6703333333333333
