,min_cluster_size,min_samples,Precision,Recall,F1,Accuracy
30,12.0,2.0,0.8495909376966646,0.9782608695652174,0.9093971034018188,0.902536231884058
