,Modelo,Precision,Recall,F1,Acurracy
0,OCSVM,0.6804511278195489,0.9181159420289855,0.7816162862430598,0.7434782608695653
1,LOF,0.9972067039106145,0.25869565217391305,0.4108170310701957,0.6289855072463768
2,IF,0.5393634840871022,0.9333333333333333,0.683651804670913,0.5681159420289855
3,SGD,0.678030303030303,0.9079710144927536,0.7763320941759603,0.7384057971014493
4,DeepSVDD,0.5342528735632184,0.8420289855072464,0.6537271448663854,0.5539855072463769
5,IForest,0.6094106898126999,0.9666666666666667,0.747548332866349,0.6735507246376812
6,KNN,1.0,0.1318840579710145,0.23303457106274006,0.5659420289855073
7,LOF,0.9972067039106145,0.25869565217391305,0.4108170310701957,0.6289855072463768
